/*
 Navicat Premium Data Transfer

 Source Server         : xiaochen的数据库
 Source Server Type    : MySQL
 Source Server Version : 50718
 Source Host           : 127.0.0.1:3306
 Source Schema         : shiro

 Target Server Type    : MySQL
 Target Server Version : 50718
 File Encoding         : 65001

 Date: 27/05/2020 21:33:35
*/

SET NAMES utf8mb4;
SET FOREIGN_KEY_CHECKS = 0;

-- ----------------------------
-- Table structure for t_perms
-- ----------------------------
DROP TABLE IF EXISTS `t_perms`;
CREATE TABLE `t_perms` (
  `id` int(6) NOT NULL AUTO_INCREMENT,
  `name` varchar(80) DEFAULT NULL,
  `url` varchar(255) DEFAULT NULL,
  PRIMARY KEY (`id`)
) ENGINE=InnoDB AUTO_INCREMENT=4 DEFAULT CHARSET=utf8;

-- ----------------------------
-- Records of t_perms
-- ----------------------------
BEGIN;
INSERT INTO `t_perms` VALUES (1, 'user:*:*', '');
INSERT INTO `t_perms` VALUES (2, 'product:*:01', NULL);
INSERT INTO `t_perms` VALUES (3, 'order:*:*', NULL);
COMMIT;

-- ----------------------------
-- Table structure for t_role
-- ----------------------------
DROP TABLE IF EXISTS `t_role`;
CREATE TABLE `t_role` (
  `id` int(6) NOT NULL AUTO_INCREMENT,
  `name` varchar(60) DEFAULT NULL,
  PRIMARY KEY (`id`)
) ENGINE=InnoDB AUTO_INCREMENT=4 DEFAULT CHARSET=utf8;

-- ----------------------------
-- Records of t_role
-- ----------------------------
BEGIN;
INSERT INTO `t_role` VALUES (1, 'admin');
INSERT INTO `t_role` VALUES (2, 'user');
INSERT INTO `t_role` VALUES (3, 'product');
COMMIT;

-- ----------------------------
-- Table structure for t_role_perms
-- ----------------------------
DROP TABLE IF EXISTS `t_role_perms`;
CREATE TABLE `t_role_perms` (
  `id` int(6) NOT NULL,
  `roleid` int(6) DEFAULT NULL,
  `permsid` int(6) DEFAULT NULL,
  PRIMARY KEY (`id`)
) ENGINE=InnoDB DEFAULT CHARSET=utf8;

-- ----------------------------
-- Records of t_role_perms
-- ----------------------------
BEGIN;
INSERT INTO `t_role_perms` VALUES (1, 1, 1);
INSERT INTO `t_role_perms` VALUES (2, 1, 2);
INSERT INTO `t_role_perms` VALUES (3, 2, 1);
INSERT INTO `t_role_perms` VALUES (4, 3, 2);
INSERT INTO `t_role_perms` VALUES (5, 1, 3);
COMMIT;

-- ----------------------------
-- Table structure for t_user
-- ----------------------------
DROP TABLE IF EXISTS `t_user`;
CREATE TABLE `t_user` (
  `id` int(6) NOT NULL AUTO_INCREMENT,
  `username` varchar(40) DEFAULT NULL,
  `password` varchar(40) DEFAULT NULL,
  `salt` varchar(255) DEFAULT NULL,
  PRIMARY KEY (`id`)
) ENGINE=InnoDB AUTO_INCREMENT=3 DEFAULT CHARSET=utf8;

-- ----------------------------
-- Records of t_user
-- ----------------------------
BEGIN;
INSERT INTO `t_user` VALUES (1, 'xiaochen', '24dce55acdcb3b6363c7eacd24e98cb7', '28qr0xu%');
INSERT INTO `t_user` VALUES (2, 'zhangsan', 'ca9f1c951ce2bfb5669f3723780487ff', 'IWd1)#or');
COMMIT;

-- ----------------------------
-- Table structure for t_user_role
-- ----------------------------
DROP TABLE IF EXISTS `t_user_role`;
CREATE TABLE `t_user_role` (
  `id` int(6) NOT NULL,
  `userid` int(6) DEFAULT NULL,
  `roleid` int(6) DEFAULT NULL,
  PRIMARY KEY (`id`)
) ENGINE=InnoDB DEFAULT CHARSET=utf8;

-- ----------------------------
-- Records of t_user_role
-- ----------------------------
BEGIN;
INSERT INTO `t_user_role` VALUES (1, 1, 1);
INSERT INTO `t_user_role` VALUES (2, 2, 2);
INSERT INTO `t_user_role` VALUES (3, 2, 3);
COMMIT;

SET FOREIGN_KEY_CHECKS = 1;
